País,Población
India,1411278000
Japón,123763000
Alemania,84886000
Francia,66351000
México,133340000
Sudáfrica,63428000
Estados Unidos,337642000
Brasil,205661000
Canadá,41725000
Australia,27606000
